{
  "random_state": 42,
  "X_shape": [
    100000,
    28
  ],
  "k_range": [
    2,
    3,
    4,
    5,
    6,
    7,
    8,
    9,
    10
  ],
  "kmeans_best": {
    "n_clusters": 2,
    "silhouette": 0.21452206996802567,
    "davies_bouldin": 1.6993768592647247,
    "calinski_harabasz": 20554.085760530117,
    "noise_points": 0,
    "model": "kmeans",
    "k": 2,
    "random_state": 42,
    "n_init": 10,
    "fit_seconds": 0.6996,
    "inertia": 796588.2129953878
  },
  "hierarchical_best": {
    "n_clusters": 2,
    "silhouette": 0.25086171082375713,
    "davies_bouldin": 1.5149513129447911,
    "calinski_harabasz": 767.2262071682716,
    "noise_points": 0,
    "model": "agglomerative",
    "k": 2,
    "linkage": "ward",
    "fit_seconds": 0.4657,
    "note": "PCA-reduced (10 comps) + subsampled (max 3000)"
  },
  "dbscan_best": {
    "n_clusters": 5,
    "silhouette": 0.6925072807329404,
    "davies_bouldin": 0.371790898632752,
    "calinski_harabasz": 624.3328513880657,
    "noise_points": 99937,
    "model": "dbscan",
    "eps": 0.3,
    "min_samples": 10,
    "fit_seconds": 8.4424
  },
  "artifacts_dir": "artifacts_step4"
}